invoice,currency,gross,issued_at,state
00017,EUR,100.00,2026-09-02,posted
INV-002,EUR,250.10,2026-09-03,posted
INV-003,EUR,40.00,2026-09-04,posted
INV-004,EUR,20.00,2026-09-05,posted
INV-004,EUR,30.00,2026-09-05,posted
INV-005,EUR,not-an-amount,2026-09-06,posted
INV-006,EUR,80.00,2026-09-07,cancelled
BOUNDARY,EUR,9.00,2026-10-01T00:30:00+02:00,posted
OLD,EUR,13.00,2026-09-01T00:30:00+02:00,posted
REFUND,EUR,-15.00,2026-09-08,posted
PLN-01,PLN,120.00,2026-09-09,posted
USD-01,USD,10.00,2026-09-09,posted
,EUR,5.00,2026-09-10,posted
BAD-DATE,EUR,7.00,2026-09-10T12:00:00,posted
